System,P (s),M (M☉),x,δ,α_max (m^4)
Hulse–Taylor (B1913+16),27900.0,2.83,2.143959147636038e-06,0.001,8.791721890922689e+42
Hulse–Taylor (B1913+16),27900.0,2.83,2.143959147636038e-06,0.01,8.79172189092269e+43
Double Pulsar (J0737–3039),8820.0,2.59,4.354942951433903e-06,0.001,5.161038001262692e+40
Double Pulsar (J0737–3039),8820.0,2.59,4.354942951433903e-06,0.01,5.161038001262693e+41
